﻿country,abbv
1,AFG
2,ALB
3,DZA
4,AGO
5,ATG
6,ARG
7,ARM
8,ABW
9,AUS
10,AUT
11,AZE
12,BHS
13,BHR
14,BGD
15,BRB
16,BLR
17,BEL
18,BLZ
19,BEN
20,BMU
21,BTN
22,BOL
23,BIH
24,BWA
25,BRA
26,VGB
27,BRN
28,BGR
29,BFA
30,BDI
31,KHM
32,CMR
33,CAN
34,CPV
35,CYM
36,CAF
37,TCD
38,CHL
39,CHN
40,COL
41,COG
42,CRI
43,HRV
44,CUB
45,CYP
46,CZE
47,CIV
48,PRK
49,COD
50,DNK
51,DJI
52,DOM
53,ECU
54,EGY
55,SLV
56,ERI
57,EST
58,ETH
59,FJI
60,FIN
61,FRA
62,PYF
63,GAB
64,GMB
65,GEO
66,DEU
67,GHA
68,GRC
69,GRL
70,GTM
71,GIN
72,GUY
73,HTI
74,HND
75,HKG
76,HUN
77,ISL
78,IND
79,IDN
80,IRN
81,IRQ
82,IRL
83,ISR
84,ITA
85,JAM
86,JPN
87,JOR
88,KAZ
89,KEN
90,KWT
91,KGZ
92,LAO
93,LVA
94,LBN
95,LSO
96,LBR
97,LBY
98,LTU
99,LUX
100,MAC
101,MDG
102,MWI
103,MYS
104,MDV
105,MLI
106,MLT
107,MRT
108,MUS
109,MEX
110,MNG
111,SCG
112,MAR
113,MOZ
114,MMR
115,NAM
116,NPL
117,NLD
118,ANT
119,NCL
120,NZL
121,NIC
122,NER
123,NGA
124,NOR
125,OMN
126,PAK
127,PAN
128,PNG
129,PRY
130,PER
131,PHL
132,POL
133,PRT
134,QAT
135,KOR
136,MDA
137,ROU
138,RUS
139,RWA
140,WSM
141,STP
142,SAU
143,SEN
144,SYC
145,SLE
146,SGP
147,SVK
148,SVN
149,SOM
150,ZAF
151,ESP
152,LKA
153,SUD
154,SUR
155,SWZ
156,SWE
157,CHE
158,SYR
159,TWN
160,TJK
161,THA
162,MKD
163,TGO
164,TTO
165,TUN
166,TUR
167,TKM
168,UGA
169,UKR
170,ARE
171,GBR
172,TZA
173,USA
174,URY
175,UZB
176,VUT
177,VEN
178,VNM
179,YEM
180,ZMB
181,ZWE